area,avgBlockArea,avgComponentArea,avgDetour,avgDistance,blocksMaxSize,blocksMinSize,blocksNumber,components,density,expMixtureCenters,expMixtureRadius,expMixtureThreshold,fullClosingSteps,fullDilationSteps,fullErosionSteps,fullOpeningSteps,generator,height,id,moran,percolationBordPoints,percolationLinkWidth,percolationProba,randomDensity,replication,size,width
710.0,3.0,10.0,0.0060452080777956795,0.9281272444897487,11.451473567234089,8.021984611036057,11.50409991046831,321.0,0.284,2.7610098375577925,10.2527773524059,0.4594308087168797,2.0,4.0,2.0,2.0,random,50.0,0,7.280136697878993E-4,38.82038528839576,3.9153991342745753,0.241761726554796,0.27100699179546495,-935854170,50,50.0
548.0,103.0,108.0,16.052153627095638,0.4454020597808819,11.451473567234089,8.021984611036057,11.50409991046831,20.0,0.2192,2.7610098375577925,10.2527773524059,0.4594308087168797,2.0,52.0,10.0,2.0,expMixture,50.0,0,0.36773987215558407,38.82038528839576,3.9153991342745753,0.241761726554796,0.27100699179546495,-935854170,50,50.0
745.0,45.0,66.0,10.730333082727677,0.7886457585432829,11.451473567234089,8.021984611036057,11.50409991046831,61.0,0.298,2.7610098375577925,10.2527773524059,0.4594308087168797,2.0,20.0,7.0,2.0,blocks,50.0,0,0.18499620601400296,38.82038528839576,3.9153991342745753,0.241761726554796,0.27100699179546495,-935854170,50,50.0
2594.0,190.0,0.0,32.3843559091701,0.9225898521007518,11.451473567234089,8.021984611036057,11.50409991046831,53.0,0.9973087274125336,2.7610098375577925,10.2527773524059,0.4594308087168797,2.0,1.0,26.0,2.0,percolation,51.0,0,0.5985926734237893,38.82038528839576,3.9153991342745753,0.241761726554796,0.27100699179546495,-935854170,50,51.0
