area,avgBlockArea,avgComponentArea,avgDetour,avgDistance,blocksMaxSize,blocksMinSize,blocksNumber,components,density,expMixtureCenters,expMixtureRadius,expMixtureThreshold,fullClosingSteps,fullDilationSteps,fullErosionSteps,fullOpeningSteps,generator,height,id,moran,percolationBordPoints,percolationLinkWidth,percolationProba,randomDensity,replication,size,width
1549.0,79.0,36.0,22.442549598043154,0.8141492371957061,25.9915031672519,7.813892218902119,13.294382972199333,74.0,0.6196,8.129557735561994,9.18199202930009,0.556120188588829,2.0,16.0,12.0,2.0,blocks,50.0,0,0.3848432682875145,16.25245660702428,6.612565296973378,0.747611129217814,0.9761108112163643,-935854170,50,50.0
2143.0,167.0,23.0,30.039541723254697,0.8558552120937004,25.9915031672519,7.813892218902119,13.294382972199333,50.0,0.8572,8.129557735561994,9.18199202930009,0.556120188588829,2.0,16.0,24.0,2.0,expMixture,50.0,0,1.090064052511702,16.25245660702428,6.612565296973378,0.747611129217814,0.9761108112163643,-935854170,50,50.0
2449.0,96.0,2.0,31.250736257449788,0.9237281139896925,25.9915031672519,7.813892218902119,13.294382972199333,98.0,0.9796,8.129557735561994,9.18199202930009,0.556120188588829,2.0,1.0,10.0,2.0,random,50.0,0,-0.046132881492962935,16.25245660702428,6.612565296973378,0.747611129217814,0.9761108112163643,-935854170,50,50.0
2599.0,198.0,0.0,31.686597363690314,0.9233641701744654,25.9915031672519,7.813892218902119,13.294382972199333,51.0,0.9992310649750096,8.129557735561994,9.18199202930009,0.556120188588829,2.0,1.0,26.0,2.0,percolation,51.0,0,-0.12794521637299539,16.25245660702428,6.612565296973378,0.747611129217814,0.9761108112163643,-935854170,50,51.0
